<?xml version="1.0" encoding="UTF-8"?>
<project-private xmlns="http://www.netbeans.org/ns/project-private/1">
    <editor-bookmarks xmlns="http://www.netbeans.org/ns/editor-bookmarks/2" lastBookmarkId="0"/>
    <open-files xmlns="http://www.netbeans.org/ns/projectui-open-files/2">
        <group>
            <file>file:/D:/facultatea/3rd%20year/semester%202/WAD/Bestversion/Proj1/Proj/web/Home.jsp</file>
            <file>file:/D:/facultatea/3rd%20year/semester%202/WAD/Bestversion/Proj1/Proj/web/LogIn.jsp</file>
            <file>file:/D:/facultatea/3rd%20year/semester%202/WAD/Bestversion/Proj1/Proj/src/java/DAO/UserDao.java</file>
            <file>file:/D:/facultatea/3rd%20year/semester%202/WAD/Bestversion/Proj1/Proj/src/java/model/User.java</file>
        </group>
    </open-files>
</project-private>
